id,Pedigree,Range,Row,Rep,DTA (DAS),DTS  (DAS),PHT (in),FHT (in),EHT (in),Yield (t/ha),YieldMoist (t/ha)
CS17-G2FE-001,NILASQ4G31I11S3/LH123HT,3,255,1,68,69,98,75,44,10.23913768,10.84734246
CS17-G2FE-002,2369/LH123HT,3,257,1,68,69,92,76,46,8.555864366,9.07349416
CS17-G2FE-003,NILASQ4G31I06S2/LH123HT,3,259,1,68,69,100,75,46,9.955492178,10.54087512
CS17-G2FE-004,NILASQ4G31I08S2/LH123HT,3,261,1,69,69,94,80,49,10.31818643,10.9310867
CS17-G2FE-005,NILASQ4G31I03S2/LH123HT,3,263,1,69,69,96,81,42,10.62508156,11.25939893
CS17-G2FE-006,NILASQ4G31I07S3/LH123HT,3,265,1,68,69,95,79,47,10.43443459,11.04484901
CS17-G2FE-007,NILASQ4G31I12S2/LH123HT,3,267,1,68,69,93,84,44,10.90872707,11.56325069
CS17-G2FE-008,NILASQ4G31I05S3/LH123HT,3,269,1,70,70,95,80,47,10.31818643,10.91767306
CS17-G2FE-009,NILASQ4G31I09S2/LH123HT,3,271,1,67,69,95,82,46,10.79247891,11.44434464
CS17-G2FE-010,NILASQ4G31I04S2/LH123HT,3,273,1,70,70,98,80,48,10.43443459,11.03650146
CS17-G2FE-011,NILASQ4G31I02S3/LH123HT,3,275,1,69,70,98,81,52,10.16473886,10.76344198
CS17-G2FE-012,2369/LH123HT,3,277,1,68,69,97,80,49,11.34117021,12.00916514
CS17-G2FE-013,DKB 64-69,3,279,1,68,67,85,63,42,13.02909345,13.74569359
CS17-G2FE-014,NILASQ4G31I01S2/LH123HT,3,281,1,68,69,96,81,50,10.90872707,11.54470585
CS17-G2FE-015,NILASQ4G71I07S2/LH123HT,3,283,1,68,69,96,78,47,10.56928245,11.18230083
CS17-G2FE-016,NILASQ4G71I12S3/LH123HT,3,285,1,67,68,98,73,53,11.31792058,11.98115073
CS17-G2FE-017,NILASQ4G71I08S3/LH123HT,3,287,1,67,69,96,81,44,11.13657345,11.75910791
CS17-G2FE-018,2369/LH123HT,3,289,1,68,69,100,82,50,10.34608599,10.91408611
CS17-G2FE-019,NILASQ4G71I09S2/LH123HT,3,291,1,67,69,93,77,45,7.328283826,7.738667721
CS17-G2FE-020,NILASQ4G71I03S2/LH123HT,3,293,1,68,69,95,76,46,12.11305797,12.78291008
CS17-G2FE-021,NILASQ4G71I06S2/LH123HT,3,295,1,67,69,98,77,49,9.983391735,10.54346001
CS17-G2FE-022,NILASQ4G71I05S2/LH123HT,3,297,1,67,69,98,78,48,10.06244048,10.61688095
CS17-G2FE-023,NILASQ4G71I01S2/LH123HT,3,299,1,69,69,93,76,45,9.374251392,9.887960368
CS17-G2FE-024,NILASQ4G71I10S2/LH123HT,3,301,1,67,69,101,77,37,11.09937404,11.69652037
CS17-G2FE-025,NILASQ4G71I02S2/LH123HT,3,303,1,67,70,101,77,52,10.42978466,11.02115345
CS17-G2FE-026,2369/LH123HT,3,305,1,70,70,95,78,48,9.448650213,9.950373539
CS17-G2FE-027,NILASQ4G71I11S3/LH123HT,3,307,1,70,70,92,79,47,11.04357493,11.62336261
CS17-G2FE-028,NILASQ4G71I04S2/LH123HT,3,309,1,67,69,102,76,49,10.64368127,11.21418258
CS17-G2FE-029,NILASQ4G11I06S3/LH123HT,3,311,1,69,69,101,80,46,10.29028687,10.82846887
CS17-G2FE-030,NILASQ4G11I05S2/LH123HT,3,313,1,67,70,100,74,47,8.844159795,9.305824937
CS17-G2FE-031,NILASQ4G11I10S2/LH123HT,3,315,1,67,68,95,74,45,10.65298112,11.19095667
CS17-G2FE-032,NILASQ4G11I07S3/LH123HT,3,317,1,70,70,98,78,51,10.34143606,10.89987361
CS17-G2FE-033,NILASQ4G11I04S2/LH123HT,3,319,1,67,69,93,71,47,11.52716726,12.07355499
CS17-G2FE-034,2369/LH123HT,4,319,1,69,73,97,77,44,9.904342989,10.37479928
CS17-G2FE-035,NILASQ4G11I12S3/LH123HT,4,317,1,69,69,101,80,46,12.06655871,12.68798649
CS17-G2FE-036,2369/LH123HT,4,315,1,70,70,100,77,41,9.80204461,10.29018643
CS17-G2FE-037,NILASQ4G11I09S2/LH123HT,4,313,1,70,70,101,79,49,10.23448775,10.75747008
CS17-G2FE-038,NILASQ4G11I11S2/LH123HT,4,311,1,68,69,99,77,49,10.59718201,11.1556535
CS17-G2FE-039,NILASQ4G11I02S2/LH123HT,4,309,1,69,70,98,81,50,11.18772264,11.77507808
CS17-G2FE-040,NILASQ4G11I03S2/LH123HT,4,307,1,68,70,,81,45,11.08077434,11.67470384
CS17-G2FE-041,NILASQ4G11I01S3/LH123HT,4,305,1,69,69,101,77,48,11.2853711,11.88575284
CS17-G2FE-042,NILASQ4G11I08S3/LH123HT,4,303,1,68,69,104,78,47,12.0107596,12.66414492
CS17-G2FE-043,NILASQ4G21I12S2/LH123HT,4,301,1,67,70,97,81,48,10.61113178,11.15760507
CS17-G2FE-044,NILASQ4G21I03S2/LH123HT,4,299,1,68,69,97,80,52,10.19728834,10.74794192
CS17-G2FE-045,NILASQ4G21I06S2/LH123HT,4,297,1,68,69,101,80,50,11.10402397,11.7214077
CS17-G2FE-046,NILASQ4G21I01S2/LH123HT,4,295,1,68,69,101,84,53,11.25282161,11.88297962
CS17-G2FE-047,NILASQ4G21I11S2/LH123HT,4,293,1,67,69,101,79,46,10.59718201,11.18214645
CS17-G2FE-048,NILASQ4G21I04S2/LH123HT,4,291,1,68,69,101,77,52,9.067356257,9.552459817
CS17-G2FE-049,NILASQ4G21I09S2/LH123HT,4,289,1,67,69,97,78,44,11.90381129,12.55256901
CS17-G2FE-050,NILASQ4G21I07S2/LH123HT,4,287,1,67,68,97,77,47,11.63411557,12.30075039
CS17-G2FE-051,NILASQ4G21I05S2/LH123HT,4,285,1,69,69,106,84,53,11.1272736,11.75930274
CS17-G2FE-052,NILASQ4G21I08S2/LH123HT,4,283,1,68,69,99,80,40,11.6573652,12.32882943
CS17-G2FE-053,2369/LH123HT,4,281,1,69,70,97,84,47,11.65271527,12.31692004
CS17-G2FE-054,NILASQ4G21I02S2/LH123HT,4,279,1,67,69,102,82,46,10.029891,10.6005918
CS17-G2FE-055,2369/LH123HT,4,277,1,68,70,101,81,52,11.57366653,12.23799498
CS17-G2FE-056,NILASQ4G21I10S2/LH123HT,4,275,1,70,69,100,80,50,9.634647264,10.19442027
CS17-G2FE-057,NILASQ4G51I02S3/LH123HT,4,273,1,71,70,103,82,50,9.881093357,10.46605408
CS17-G2FE-058,NILASQ4G51I12S2/LH123HT,4,271,1,67,69,97,76,49,10.91802692,11.5600069
CS17-G2FE-059,NILASQ4G51I04S3/LH123HT,4,269,1,67,69,102,79,47,9.616047559,10.18243276
CS17-G2FE-060,NILASQ4G51I03S2/LH123HT,4,267,1,67,69,95,76,47,10.50418348,11.13653532
CS17-G2FE-061,NILASQ4G51I01S2/LH123HT,4,265,1,69,70,96,75,46,10.82967832,11.47187824
CS17-G2FE-062,NILASQ4G51I09S3/LH123HT,4,263,1,67,69,96,73,44,9.318452277,9.898060008
CS17-G2FE-063,2369/LH123HT,4,261,1,71,70,97,76,48,10.35538584,10.95806929
CS17-G2FE-064,NILASQ4G51I05S3/LH123HT,4,259,1,71,70,98,76,52,9.40215095,9.956877856
CS17-G2FE-065,2369/LH123HT,4,257,1,68,69,,76,50,10.11358967,10.69916651
CS17-G2FE-066,NILASQ4G51I06S2/LH123HT,4,255,1,70,69,94,74,43,10.17403871,10.7753244
CS17-G2FE-067,NILASQ4G51I07S3/LH123HT,5,255,1,70,69,96,73,43,9.648597043,10.21593455
CS17-G2FE-068,NILASQ4G51I08S3/LH123HT,5,257,1,71,68,97,79,54,9.611397633,10.09965663
CS17-G2FE-069,NILASQ4G51I11S2/LH123HT,5,259,1,71,70,98,79,44,10.61578171,11.22725074
CS17-G2FE-070,NILASQ4G51I10S2/LH123HT,5,261,1,70,67,100,77,47,11.00172559,11.65412792
CS17-G2FE-071,NILASQ4G41I11S2/LH123HT,5,263,1,70,67,97,78,46,9.997341514,10.59818174
CS17-G2FE-072,NILASQ4G41I09S2/LH123HT,5,265,1,70,69,98,81,51,10.8622278,11.51504769
CS17-G2FE-073,NILASQ4G41I02S3/LH123HT,5,267,1,69,69,98,76,47,11.07612441,11.72186247
CS17-G2FE-074,NILASQ4G41I07S2/LH123HT,5,269,1,67,69,97,77,43,11.42486888,12.08979625
CS17-G2FE-075,NILASQ4G41I08S2/LH123HT,5,271,1,68,69,97,76,49,10.64833119,11.29362006
CS17-G2FE-076,NILASQ4G41I04S3/LH123HT,5,273,1,68,69,96,76,50,11.22027213,11.87104791
CS17-G2FE-077,NILASQ4G41I10S2/LH123HT,5,275,1,68,69,103,79,46,10.72273001,11.3585879
CS17-G2FE-078,NILASQ4G41I06S3/LH123HT,5,277,1,68,69,97,83,49,10.32748628,10.91098926
CS17-G2FE-079,NILASQ4G41I05S3/LH123HT,5,279,1,68,69,108,78,52,11.82011262,12.48676697
CS17-G2FE-080,2369/LH123HT,5,281,1,68,68,96,76,49,10.74597965,11.34667991
CS17-G2FE-081,NILASQ4G41I03S2/LH123HT,5,283,1,67,69,96,76,43,9.667196748,10.23369448
CS17-G2FE-082,2369/LH123HT,5,285,1,67,69,98,70,46,9.620697485,10.19024278
CS17-G2FE-083,NILASQ4G41I01S2/LH123HT,5,287,1,68,69,102,77,48,10.91337699,11.55180955
CS17-G2FE-084,NILASQ4G41I12S3/LH123HT,5,289,1,67,69,102,80,46,11.08077434,11.71237848
CS17-G2FE-085,NILASQ4G61I01S2/LH123HT,5,291,1,67,68,98,77,48,9.978741809,10.54254072
CS17-G2FE-086,NILASQ4G61I03S3/LH123HT,5,293,1,71,69,102,81,51,11.13657345,11.74797134
CS17-G2FE-087,2369/LH123HT,5,295,1,68,69,102,80,46,10.70878024,11.29562139
CS17-G2FE-088,NILASQ4G61I02S3/LH123HT,5,297,1,68,69,97,78,49,10.89477729,11.48418474
CS17-G2FE-089,NILASQ4G61I06S3/LH123HT,5,299,1,68,69,97,83,47,10.39723517,10.96076532
CS17-G2FE-090,NILASQ4G61I09S2/LH123HT,5,301,1,69,69,102,82,47,10.66228097,11.22524941
CS17-G2FE-091,NILASQ4G61I10S3/LH123HT,5,303,1,68,70,101,75,50,10.59253208,11.15605479
CS17-G2FE-092,NILASQ4G61I08S2/LH123HT,5,305,1,71,69,100,76,51,11.14587331,11.73326083
CS17-G2FE-093,2369/LH123HT,5,307,1,70,69,99,75,51,10.93662662,11.48017697
CS17-G2FE-094,NILASQ4G61I04S3/LH123HT,5,309,1,68,69,95,76,43,10.96917611,11.52860409
CS17-G2FE-095,NILASQ4G61I11S2/LH123HT,5,311,1,68,69,103,70,49,11.93636078,12.55347063
CS17-G2FE-096,NILASQ4G61I05S3/LH123HT,5,313,1,68,69,93,75,47,10.92732677,11.46167305
CS17-G2FE-097,NILASQ4G61I07S3/LH123HT,5,315,1,70,70,103,79,45,10.21588805,10.72974722
CS17-G2FE-098,NILASQ4G61I12S2/LH123HT,5,317,1,68,69,96,78,46,10.14148923,10.69318624
CS17-G2FE-099,2369/LH123HT,5,319,1,68,69,94,77,48,11.16912294,11.70412393
CS17-G2FE-100,2369/3IIH6,6,319,1,65,66,94,72,43,9.360301613,9.841421116
CS17-G2FE-101,B14A/OH43,6,317,1,65,68,89,71,42,12.51295163,13.17864066
CS17-G2FE-102,LH198/PHZ51,6,315,1,67,68,98,74,48,9.267303087,9.715840557
CS17-G2FE-103,TX714/PHZ51,6,313,1,66,67,96,76,53,9.518399107,9.994319062
CS17-G2FE-104,REV28HR20 (2016),6,311,1,69,71,103,82,48,15.30290741,16.02979551
CS17-G2FE-105,PHG29/PHG47,6,309,1,62,62,83,62,40,9.090605889,9.569680819
CS17-G2FE-106,GEMN-0260/3IIH6,6,307,1,65,65,80,59,37,7.951373949,8.406987676
CS17-G2FE-107,PHP02/PHB47,6,305,1,64,65,91,68,44,9.485849623,9.992393993
CS17-G2FE-108,PHG80/PHZ51,6,303,1,65,67,92,73,48,8.495415324,8.976255831
CS17-G2FE-109,G7601VTTP (2017),6,301,1,69,68,96,74,43,13.33598859,14.00278802
CS17-G2FE-110,LH123HT/3IIH6,6,299,1,67,68,99,79,48,9.695096306,10.25062532
CS17-G2FE-111,PB80/PHZ51,6,297,1,67,68,94,74,50,10.54138289,11.09796791
CS17-G2FE-112,F42/H95,6,295,1,67,69,94,70,48,10.96452618,11.51165604
CS17-G2FE-113,GEMN-0268/3IIH6,6,293,1,66,66,94,71,47,10.08569011,10.67973726
CS17-G2FE-114,B37/OH43,6,291,1,64,67,89,64,41,9.23940353,9.742951022
CS17-G2FE-115,B14A/MO17,6,289,1,66,67,85,68,48,11.87126181,12.55385936
CS17-G2FE-116,W10004_0216/PHZ51,6,287,1,65,68,102,77,50,9.606747706,10.1668211
CS17-G2FE-117,PHB47/PHZ51,6,285,1,63,63,102,77,43,9.63929719,10.19066499
CS17-G2FE-118,PHN11_OH43_0001/PHB47,6,283,1,63,64,95,71,43,8.723261712,9.248402067
CS17-G2FE-119,B73/PHZ51,6,281,1,66,68,96,79,51,10.3135365,10.9075962
CS17-G2FE-120,PHG39/TX205,6,279,1,69,69,94,78,48,10.35073591,10.96142933
CS17-G2FE-121,PHN11_PHG47_0251/PHB47,6,277,1,62,63,96,67,38,8.695362154,9.231865999
CS17-G2FE-122,LH74/PHN82,6,275,1,66,66,79,63,39,10.38793532,10.99355195
CS17-G2FE-123,LH195/LH82,6,273,1,65,66,87,66,39,10.99707567,11.59971541
CS17-G2FE-124,PHG39/PHN82,6,271,1,67,68,92,70,45,10.23448775,10.83013494
CS17-G2FE-125,F42/MO17,6,269,1,64,67,94,70,45,11.75501365,12.45208596
CS17-G2FE-126,B73/MO17,6,267,1,67,69,99,73,48,12.03865915,12.76940576
CS17-G2FE-127,PHW52/PHM49,6,265,1,68,68,91,67,45,10.77852913,11.39290529
CS17-G2FE-128,LH195/PHN37,6,263,1,64,66,93,72,45,11.57831645,12.2568058
CS17-G2FE-129,2369/PHN82,6,261,1,68,68,89,69,42,12.87099596,13.59692013
CS17-G2FE-130,F42/OH43,6,259,1,63,66,92,70,42,11.85731203,12.53317881
CS17-G2FE-131,W10001_0022/PHB47,6,257,1,62,63,84,63,43,8.941808247,9.478316742
CS17-G2FE-132,G6611 VTTP (2017),6,255,1,67,68,84,67,44,13.27553955,13.98179825
CS17-G2FE-133,W37A/PHB47,7,255,1,61,61,83,64,40,9.002257289,9.532490243
CS17-G2FE-134,PHP02/PHG47,7,257,1,62,61,87,58,33,8.235019452,8.737355639
CS17-G2FE-135,CG44/CGR01,7,259,1,58,59,74,57,35,7.030688544,7.446905306
CS17-G2FE-136,PHN11_PHW65_0323/LH195,7,261,1,67,68,85,79,42,10.54603282,11.15981193
CS17-G2FE-137,W10005_0107/PHB47,7,263,1,63,64,86,64,38,7.788626529,8.254386395
CS17-G2FE-138,LH216/LH195,7,265,1,72,69,96,72,46,12.80589699,13.54351666
CS17-G2FE-139,B73/PHM49,7,267,1,68,69,89,70,47,10.59253208,11.20160267
CS17-G2FE-140,B37/MO17,7,269,1,66,68,90,72,45,10.94592648,11.58735777
CS17-G2FE-141,LH198/PHN37,7,271,1,60,62,92,67,45,9.327752129,9.882753381
CS17-G2FE-142,VA35/LH195,7,273,1,69,68,87,71,44,10.70413031,11.25753385
CS17-G2FE-143,B37/H95,7,275,1,67,69,89,70,44,10.05779056,10.58280722
CS17-G2FE-144,DKB 64-69 (2016),7,277,1,67,67,87,67,41,13.44293689,14.13390385
CS17-G2FE-145,B73/PHN82,7,279,1,67,68,90,70,46,12.50830171,13.18500083
CS17-G2FE-146,CG60/LH162,7,281,1,,,77,59,35,3.338647073,3.566676668
CS17-G2FE-147,CGR03/CG108,7,283,1,58,59,78,61,42,8.095521663,8.574776546
CS17-G2FE-148,WF9/H95,7,285,1,65,68,91,,42,11.08077434,11.68246039
CS17-G2FE-149,PHW52/PHN82,7,287,1,67,68,88,66,39,10.96452618,11.54564607
CS17-G2FE-150,LH212HT/LH195,7,289,1,67,68,92,67,42,10.92267685,11.52997768
CS17-G2FE-151,B97/PHB47,7,291,1,64,66,86,67,42,9.509099254,10.06538156
CS17-G2FE-152,B14A/H95,7,293,1,68,68,81,64,38,11.69921453,12.26077683
CS17-G2FE-153,PHHB9/LH185,7,295,1,67,68,87,67,38,9.490499549,10.04948997
CS17-G2FE-154,PHW52/LH210,7,297,1,67,68,91,68,42,11.04357493,11.6288844
CS17-G2FE-155,PHW52/PHM57,7,299,1,70,72,90,68,39,9.364951539,9.850056029
CS17-G2FE-156,PHW52/PHR63,7,301,1,66,67,86,68,39,10.471634,11.00882882
CS17-G2FE-157,PHW52/PHR55,7,303,1,69,69,92,70,41,13.17789109,13.87104817
CS17-G2FE-158,PHV63/PHM57,7,305,1,69,68,88,68,45,10.1182396,10.62718705
CS17-G2FE-159,PHHB9/PHM57,7,307,1,70,73,91,70,42,11.89451144,12.50232097
CS17-G2FE-160,PHV63/PHP60,7,309,1,68,68,88,68,43,11.79221306,12.34173019
CS17-G2FE-161,PHP38/PHN82,7,311,1,68,68,90,67,42,9.681146527,10.15552271
CS17-G2FE-162,PHHB9/PHJ65,7,313,1,70,68,91,74,41,10.58788215,11.09080655
CS17-G2FE-163,LH195/LH210,7,315,1,69,68,96,74,49,12.26185562,12.8663651
CS17-G2FE-164,PHP38/LH185,7,317,1,67,68,87,66,42,8.132721074,8.568634923
CS17-G2FE-165,LH195/LH123HT,7,319,1,71,69,89,74,38,11.35047006,11.87713187
CS17-G2FE-166,PHV63/NK787,8,319,1,70,69,95,76,42,11.48531793,11.98263219
CS17-G2FE-167,LH195/PHJ65,8,317,1,70,72,93,75,47,12.39205355,13.04263636
CS17-G2FE-168,LH195/PHN47,8,315,1,73,73,95,72,50,12.2944051,12.8648655
CS17-G2FE-169,PHW52/PHJ65,8,313,1,69,70,91,71,43,11.80616284,12.36695557
CS17-G2FE-170,PHV63/PHR55,8,311,1,69,68,93,71,46,12.27115547,12.85403535
CS17-G2FE-171,PHHB9/PHW30,8,309,1,68,68,93,72,44,9.457950065,9.932739158
CS17-G2FE-172,PHW52/LH185,8,307,1,66,67,89,67,43,10.71808009,11.30971811
CS17-G2FE-173,PHP38/PHW53,8,305,1,67,68,84,66,45,11.06682456,11.62680588
CS17-G2FE-174,PHW52/NK787,8,303,1,69,68,92,69,43,11.47136815,12.02658237
CS17-G2FE-175,PHP38/PHJ65,8,301,1,66,68,93,68,38,11.60621601,12.17375997
CS17-G2FE-176,PHP38/Q381,8,299,1,64,65,86,62,44,7.48638132,7.898132293
CS17-G2FE-177,LH195/NK787,8,297,1,70,69,96,79,45,12.76404765,13.38693318
CS17-G2FE-178,PHV63/PHW30,8,295,1,67,67,94,74,49,10.83897817,11.44054146
CS17-G2FE-179,PHV63/PHN82,8,293,1,67,67,85,69,46,11.1272736,11.73259729
CS17-G2FE-180,LH195/PHR03,8,291,1,68,69,96,77,50,13.41968726,14.11885297
CS17-G2FE-181,PHHB9/Q381,8,289,1,63,63,89,67,43,9.583498075,10.12113232
CS17-G2FE-182,PHW52/PHR03,8,287,1,68,68,96,76,48,12.33160451,12.99627799
CS17-G2FE-183,PHP38/PHR55,8,285,1,67,68,91,69,47,11.99680982,12.63264074
CS17-G2FE-184,PHV63/LH123HT,8,283,1,66,67,90,68,47,10.56463252,11.14463085
CS17-G2FE-185,PHP38/LH210,8,281,1,66,66,92,75,49,10.00199144,10.56410336
CS17-G2FE-186,PHHB9/PHR55,8,279,1,68,68,96,71,46,13.47548638,14.20585774
CS17-G2FE-187,PHW52/PHZ51,8,277,1,66,68,93,64,46,9.253353309,9.770615759
CS17-G2FE-188,PHV63/PHW53,8,275,1,65,66,81,66,45,10.1182396,10.69902655
CS17-G2FE-189,LH195/Q381,8,273,1,66,67,86,70,41,8.495415324,8.988149413
CS17-G2FE-190,PHW52/PHP60,8,271,1,68,67,90,72,48,10.25773739,10.82601604
CS17-G2FE-191,PHW52/PHW30,8,269,1,67,67,92,64,41,10.85757788,11.47211678
CS17-G2FE-192,LH195/PHW53,8,267,1,67,72,85,69,44,10.47628392,11.05771768
CS17-G2FE-193,PHHB9/LH123HT,8,265,1,68,69,93,64,43,10.59718201,11.20546025
CS17-G2FE-194,PHW52/Q381,8,263,1,63,66,84,68,44,8.328017978,8.82020384
CS17-G2FE-195,PHHB9/NK787,8,261,1,68,70,88,71,42,11.18307272,11.79478679
CS17-G2FE-196,PHP38/LH123HT,8,259,1,68,68,92,69,41,8.035072622,8.517176979
CS17-G2FE-197,PHV63/PHR03,8,257,1,69,68,91,62,47,11.1086739,11.71298576
CS17-G2FE-198,PHV63/PGM49,8,255,1,68,68,87,63,43,10.35538584,10.93735852
CS17-G2FE-199,PHW52/PHN82,9,255,1,68,68,88,69,40,10.6855306,11.27964611
CS17-G2FE-200,LH195/PHW30,9,257,1,69,69,90,69,41,10.55533267,11.1527645
CS17-G2FE-201,PHV63/PHJ65,9,259,1,68,68,92,67,40,10.82037847,11.42631966
CS17-G2FE-202,PHW52/PHW53,9,261,1,68,68,85,64,36,8.886009132,9.385402845
CS17-G2FE-203,LH195/PHM57,9,263,1,73,72,88,71,42,12.48040215,13.19927331
CS17-G2FE-204,PHHB9/PHR03,9,265,1,69,70,99,73,44,12.8244967,13.54010361
CS17-G2FE-205,PHHB9/PHM49,9,267,1,68,69,88,68,31,9.020856994,9.527829157
CS17-G2FE-206,PHP38/PHR63,9,269,1,66,67,91,66,41,10.27633709,10.80248555
CS17-G2FE-207,PHV63/PHN47,9,271,1,69,69,89,68,50,10.85292795,11.48131248
CS17-G2FE-208,LH195/PHN82,9,273,1,69,69,102,79,47,11.3923194,12.01775774
CS17-G2FE-209,LH195/PHZ51,9,275,1,67,68,98,76,47,10.29958672,10.88666317
CS17-G2FE-210,PHHB9/PHP60,9,277,1,70,69,101,74,40,11.17377286,11.78386086
CS17-G2FE-211,PHP38/PHN47,9,279,1,69,68,93,69,44,8.98830751,9.499742208
CS17-G2FE-212,PHV63/PHZ51,9,281,1,64,65,96,71,47,9.597447854,10.14162315
CS17-G2FE-213,PHP38/PHM57,9,283,1,69,70,93,73,42,10.28563694,10.85237554
CS17-G2FE-214,PHV63/PHR63,9,285,1,65,66,95,71,36,10.57393237,11.14703951
CS17-G2FE-215,PHHB9/PHW53,9,287,1,65,66,98,70,41,10.44373444,11.01187359
CS17-G2FE-216,LH195/PHR63,9,289,1,67,68,96,76,46,11.79221306,12.37238994
CS17-G2FE-217,PHP38/PHP60,9,291,1,63,65,87,68,41,8.109471442,8.57576605
CS17-G2FE-218,PHV63/PH210,9,293,1,67,67,96,74,48,9.63929719,10.15692745
CS17-G2FE-219,PHHB9/PHZ51,9,295,1,66,67,99,78,47,8.802310459,9.297880538
CS17-G2FE-220,PHV63/Q381,9,297,1,64,65,88,59,46,7.788626529,8.22946279
CS17-G2FE-221,PHW52/PHN47,9,299,1,69,69,93,72,45,11.24817169,11.83757588
CS17-G2FE-222,LH195/PHP60,9,301,1,69,68,94,73,47,12.31765473,12.90767039
CS17-G2FE-223,LH195/LH185,9,303,1,69,69,87,69,42,10.6855306,11.27109768
CS17-G2FE-224,PHHB9/PHR63,9,305,1,69,68,92,71,43,10.67158083,11.17207797
CS17-G2FE-225,LH195/PHM49,9,307,1,69,69,90,71,45,11.1970225,11.76919035
CS17-G2FE-226,PHP38/PHW30,9,309,1,67,66,92,78,43,8.969707805,9.419987137
CS17-G2FE-227,PHP38/PHR03,9,311,1,68,72,97,79,45,10.32748628,10.83663135
CS17-G2FE-228,PHHB9/LH210,9,313,1,68,67,93,74,45,10.16008893,10.66098132
CS17-G2FE-229,LH195/PHR55,9,315,1,70,70,96,76,41,12.55480097,13.11976702
CS17-G2FE-230,PHP38/PHM49,9,317,1,68,69,91,69,41,9.495149475,9.995543853
CS17-G2FE-231,PHHB9/PHN47,9,319,1,69,70,87,74,45,10.6669309,11.13840925
CS17-G2FE-232,PHHB9/PHN82,10,319,1,69,69,89,67,43,10.65298112,11.12277759
CS17-G2FE-233,Z033E0001/PHZ51,10,317,1,66,67,95,73,44,8.66281267,9.105482398
CS17-G2FE-234,Z032E0081/PHZ51,10,315,1,67,69,94,76,51,9.755545347,9.20533259
CS17-G2FE-235,BGEM-0253-N/LH195,10,313,1,69,69,94,73,47,10.36468569,10.8424977
CS17-G2FE-236,BGEM-0256-N/LH195,10,311,1,69,70,91,72,47,10.53673296,11.03722778
CS17-G2FE-237,Z029E0002/PHZ51,10,309,1,67,68,93,78,55,8.523314882,8.943514305
CS17-G2FE-238,BGEM-0207-N/LH195,10,307,1,68,68,91,71,48,9.690446379,10.15655685
CS17-G2FE-239,Z031E0012/PHZ51,10,305,1,66,67,93,76,52,10.8622278,11.41294275
CS17-G2FE-240,DKB 64-69,10,303,1,67,68,86,68,41,13.03839331,13.65771699
CS17-G2FE-241,Z036E0057/PHZ51,10,301,1,66,67,92,73,51,9.616047559,10.11127401
CS17-G2FE-242,Z032E0034/PHZ51,10,299,1,66,67,91,76,51,7.960673801,8.378609176
CS17-G2FE-243,BGEM-0151-N/LH195,10,297,1,69,68,95,75,51,8.91390869,9.385454459
CS17-G2FE-244,GEMN-0261/3IIH6,10,295,1,64,65,99,78,49,8.532614734,9.075289031
CS17-G2FE-245,Z035E0047/PHZ51,10,293,1,65,68,91,75,50,11.46206829,12.06955791
CS17-G2FE-246,BGEM-0089-N/LH195,10,291,1,69,69,93,73,44,7.793276455,8.206320107
CS17-G2FE-247,Z038E0057/3IIH6,10,289,1,63,66,92,75,46,10.95987626,11.60431698
CS17-G2FE-248,BGEM-0246-N/LH195,10,287,1,69,69,97,75,48,11.22957198,11.85056731
CS17-G2FE-249,Z034E0064/PHZ51,10,285,1,65,66,98,78,56,8.965057879,9.47785919
CS17-G2FE-250,Z033E0056/PHZ51,10,283,1,66,67,96,80,52,10.72737994,11.32382227
CS17-G2FE-251,GEMS-0269/3IIH6,10,281,1,63,66,95,73,45,11.18772264,11.85451091
CS17-G2FE-252,BGEM-0239-N/LH195,10,279,1,68,68,95,76,49,9.741595569,10.30173731
CS17-G2FE-253,Z034E0042/3IIH6,10,277,1,63,63,94,72,40,9.072006183,9.616326554
CS17-G2FE-254,Z037E0012/3IIH6,10,275,1,64,66,97,76,46,11.92706092,12.64268458
CS17-G2FE-255,BGEM-0040-N/LH195,10,273,1,68,69,102,82,52,10.8436281,11.45412436
CS17-G2FE-256,Z036E0034/PHZ51,10,271,1,67,68,96,77,53,9.485849623,10.02844022
CS17-G2FE-257,BGEM-0211-N/LH195,10,269,1,69,69,104,79,52,10.17403871,10.72954123
CS17-G2FE-258,B73/PHZ51,10,267,1,68,68,103,80,49,11.46206829,12.12113722
CS17-G2FE-259,Z038E0057/PHZ51,10,265,1,67,68,101,77,53,9.974091883,10.5515918
CS17-G2FE-260,Z034E0042/PHZ51,10,263,1,67,68,99,78,51,10.40653503,11.02468321
CS17-G2FE-261,GEMN-0266/3IIH6,10,261,1,69,68,90,73,37,8.388467019,8.882547727
CS17-G2FE-262,GEMS-0265/3IIH6,10,259,1,65,66,91,70,38,9.681146527,10.25911097
CS17-G2FE-263,BGEM-0202-N/LH195,10,257,1,69,69,88,42,45,10.7738792,11.34704958
CS17-G2FE-264,GEMN-0267/3IIH6,10,255,1,66,67,89,71,44,11.63411557,12.33565274
CS17-G2FE-265,Z037E0054/PHZ51,11,255,1,67,67,93,76,51,9.895043136,10.46598712
CS17-G2FE-266,BGEM-0203-N/LH195,11,257,1,68,69,94,73,38,9.485849623,10.01231428
CS17-G2FE-267,BGEM-0129-N/LH195,11,259,1,69,70,85,70,41,9.509099254,10.05492155
CS17-G2FE-268,BGEM-0182-N/LH195,11,261,1,69,69,103,84,46,11.09937404,11.76089674
CS17-G2FE-269,MO17/PHZ51,11,263,1,65,67,92,68,50,10.4018851,11.03223934
CS17-G2FE-270,BGEM-0125-N/LH195,11,265,1,68,69,87,67,41,9.397501023,9.931279082
CS17-G2FE-271,BGEM-0039-N/LH195,11,267,1,69,69,103,78,51,10.63903134,11.23907271
CS17-G2FE-272,BGEM-0206-N/LH195,11,269,1,68,68,95,75,47,8.574464071,9.041772363
CS17-G2FE-273,GEMN-0269/3IIH6,11,271,1,62,64,96,70,43,11.75966358,12.47465112
CS17-G2FE-274,BGEM-0235-N/LH195,11,273,1,69,69,97,72,46,10.36468569,10.93888928
CS17-G2FE-275,Z031E0556/PHZ51,11,275,1,67,67,96,74,53,9.671846674,10.22797786
CS17-G2FE-276,BGEM-0227-N/LH195,11,277,1,68,69,90,72,42,10.56463252,11.1488567
CS17-G2FE-277,GEMN-0264/3IIH6,11,279,1,66,66,94,73,47,11.97821011,12.68372669
CS17-G2FE-278,Z035E0060/PHZ51,11,281,1,65,67,97,77,52,10.47628392,11.06714633
CS17-G2FE-279,BGEM-0124-N/LH195,11,283,1,67,67,98,77,51,10.11358967,10.68804156
CS17-G2FE-280,BGEM-0259-N/LH195,11,285,1,68,68,99,78,53,11.08077434,11.70683809
CS17-G2FE-281,BGEM-0005-N/LH195,11,287,1,69,70,95,75,43,10.51348333,11.09803301
CS17-G2FE-282,BGEM-0063-N/LH195,11,289,1,68,69,101,80,54,10.92267685,11.4851947
CS17-G2FE-283,TX714/TX779,11,291,1,69,70,97,72,50,10.95522633,11.49422346
CS17-G2FE-284,TX303/TX777,11,293,1,74,74,99,78,48,11.54111704,11.94390203
CS17-G2FE-285,B73/TX779,11,295,1,69,69,98,77,48,13.27088962,13.92514448
CS17-G2FE-286,B73/TX777,11,297,1,68,69,103,77,51,11.66666505,12.24066497
CS17-G2FE-287,TX204/PHB47,11,299,1,68,66,91,66,47,9.485849623,10.0170572
CS17-G2FE-288,TX772W/LH195 ,11,301,1,70,70,85,68,40,11.75036372,12.32613155
CS17-G2FE-289,LH195/PHZ51,11,303,1,68,69,96,72,47,10.29028687,10.81817859
CS17-G2FE-290,TX740/LH195 ,11,305,1,71,70,97,76,49,12.43390289,12.79199929
CS17-G2FE-291,TX714/TX775,11,307,1,69,70,91,70,46,11.88521159,12.45094766
CS17-G2FE-292,B73/TX775,11,309,1,68,69,92,69,44,13.17324117,13.80160477
CS17-G2FE-293,2369/PHZ51,11,311,1,67,68,93,73,47,9.848543873,10.3380165
CS17-G2FE-294,TX770/LH195,11,313,1,71,71,94,72,47,11.47601807,12.0016197
CS17-G2FE-295,LAMA2002-58-3-B-B-B-B-B-B-1-B19-B18-B22/LH195 ,11,315,1,72,73,93,71,43,12.73149817,13.1872858
CS17-G2FE-296,TX714/TX777,11,317,1,74,71,96,71,47,12.57340068,13.19955603
CS17-G2FE-297,B73/TX6252,11,319,1,68,69,92,69,46,10.7738792,11.25008466
CS17-G2FE-298,NILASQ4G11I06S3/LH123HT,12,319,2,68,69,101,76,46,11.28072117,11.81317121
CS17-G2FE-299,2369/LH123HT,12,317,2,69,70,99,78,43,11.10402397,11.66477718
CS17-G2FE-300,NILASQ4G11I04S2/LH123HT,12,315,2,69,70,95,77,44,12.08050849,12.65674875
CS17-G2FE-301,NILASQ4G11I01S3/LH123HT,12,313,2,68,70,99,79,47,11.00637552,11.56439876
CS17-G2FE-302,NILASQ4G11I10S2/LH123HT,12,311,2,68,69,99,77,45,11.04357493,11.60237982
CS17-G2FE-303,NILASQ4G11I02S2/LH123HT,12,309,2,69,70,109,83,54,10.96917611,11.5351856
CS17-G2FE-304,2369/LH123HT,12,307,2,68,70,104,78,48,11.06217463,11.63962015
CS17-G2FE-305,NILASQ4G11I08S3/LH123HT,12,305,2,68,70,103,82,48,10.78317906,11.35360923
CS17-G2FE-306,NILASQ4G11I12S3/LH123HT,12,303,2,67,70,103,81,50,11.35511999,11.95353481
CS17-G2FE-307,NILASQ4G11I07S3/LH123HT,12,301,2,70,70,101,80,46,9.685796453,10.22335816
CS17-G2FE-308,NILASQ4G11I03S2/LH123HT,12,299,2,68,69,99,78,51,9.109205594,9.616588345
CS17-G2FE-309,NILASQ4G11I05S2/LH123HT,12,297,2,69,70,97,75,48,10.35073591,10.91381595
CS17-G2FE-310,NILASQ4G11I09S2/LH123HT,12,295,2,69,70,104,78,50,10.70878024,11.29240876
CS17-G2FE-311,NILASQ4G11I11S2/LH123HT,12,293,2,68,70,97,73,52,11.80616284,12.46140488
CS17-G2FE-312,NILASQ4G21I10S2/LH123HT,12,291,2,68,69,102,74,48,8.421016503,8.87322509
CS17-G2FE-313,NILASQ4G21I09S2/LH123HT,12,289,2,68,70,98,77,44,10.57393237,11.15867083
CS17-G2FE-314,NILASQ4G21I03S2/LH123HT,12,287,2,68,70,96,75,46,10.45768422,11.05272645
CS17-G2FE-315,NILASQ4G21I07S2/LH123HT,12,285,2,67,70,99,74,49,11.19237257,11.82026467
CS17-G2FE-316,NILASQ4G21I11S2/LH123HT,12,283,2,68,70,96,74,46,10.02059115,10.58575249
CS17-G2FE-317,NILASQ4G21I01S2/LH123HT,12,281,2,69,70,99,76,51,9.736945642,10.30460957
CS17-G2FE-318,NILASQ4G21I02S2/LH123HT,12,279,2,68,70,98,74,47,10.82037847,11.43172985
CS17-G2FE-319,NILASQ4G21I04S2/LH123HT,12,277,2,69,70,97,76,51,9.848543873,10.41286544
CS17-G2FE-320,NILASQ4G21I08S2/LH123HT,12,275,2,68,70,101,76,46,11.88986151,12.57590652
CS17-G2FE-321,2369/LH123HT,12,273,2,68,70,101,78,48,10.4018851,11.00935519
CS17-G2FE-322,2369/LH123HT,12,271,2,68,70,99,79,44,11.22957198,11.88874786
CS17-G2FE-323,NILASQ4G21I05S2/LH123HT,12,269,2,69,70,103,83,47,10.79247891,11.40549171
CS17-G2FE-324,NILASQ4G21I06S2/LH123HT,12,267,2,68,70,102,80,47,11.11797375,11.78171678
CS17-G2FE-325,NILASQ4G21I12S2/LH123HT,12,265,2,67,70,,75,48,10.9319767,11.54963338
CS17-G2FE-326,2369/LH123HT,12,263,2,67,70,95,75,41,9.853193799,10.43945883
CS17-G2FE-327,NILASQ4G51I09S3/LH123HT,12,261,2,67,69,95,77,48,10.92267685,11.57585292
CS17-G2FE-328,NILASQ4G51I01S2/LH123HT,12,259,2,69,69,98,76,49,10.90872707,11.53925149
CS17-G2FE-329,NILASQ4G51I03S2/LH123HT,12,257,2,68,70,96,76,47,9.574198222,10.12662946
CS17-G2FE-330,NILASQ4G51I02S3/LH123HT,12,255,2,70,70,92,75,44,10.60648186,11.22483975
CS17-G2FE-331,NILASQ4G51I11S2/LH123HT,13,255,2,68,70,99,80,43,11.41091911,12.06590586
CS17-G2FE-332,NILASQ4G51I04S3/LH123HT,13,257,2,68,70,99,77,46,9.550948591,10.09821795
CS17-G2FE-333,NILASQ4G51I06S2/LH123HT,13,259,2,68,70,93,76,49,10.13218938,10.74012074
CS17-G2FE-334,NILASQ4G51I10S2/LH123HT,13,261,2,66,68,96,75,45,11.02497522,11.68206375
CS17-G2FE-335,NILASQ4G51I08S3/LH123HT,13,263,2,68,68,96,78,49,9.867143578,10.46607919
CS17-G2FE-336,NILASQ4G51I07S3/LH123HT,13,265,2,68,70,90,77,42,9.89039321,10.46898121
CS17-G2FE-337,NILASQ4G51I12S2/LH123HT,13,267,2,69,70,94,75,46,10.28098702,10.87419997
CS17-G2FE-338,NILASQ4G51I05S3/LH123HT,13,269,2,68,70,97,78,49,10.23913768,10.83607941
CS17-G2FE-339,2369/LH123HT,13,271,2,68,70,102,77,44,10.52743311,11.15592087
CS17-G2FE-340,NILASQ4G41I08S2/LH123HT,13,273,2,69,70,97,78,49,10.97847596,11.61852111
CS17-G2FE-341,NILASQ4G41I04S3/LH123HT,13,275,2,69,70,97,78,45,11.73176402,12.41689904
CS17-G2FE-342,NILASQ4G41I02S3/LH123HT,13,277,2,70,70,97,73,47,11.42486888,12.07380144
CS17-G2FE-343,NILASQ4G41I11S2/LH123HT,13,279,2,69,69,99,77,46,10.2065882,10.80265295
CS17-G2FE-344,2369/LH123HT,13,281,2,70,70,99,74,47,10.38793532,10.97900884
CS17-G2FE-345,NILASQ4G41I06S3/LH123HT,13,283,2,69,70,98,74,49,10.4018851,10.98231029
CS17-G2FE-346,NILASQ4G41I05S3/LH123HT,13,285,2,71,73,95,77,47,11.01102544,11.64526051
CS17-G2FE-347,2369/LH123HT,13,287,2,68,70,96,74,46,10.96917611,11.58674072
CS17-G2FE-348,NILASQ4G41I09S2/LH123HT,13,289,2,70,70,95,72,49,11.22027213,11.85870561
CS17-G2FE-349,NILASQ4G41I03S2/LH123HT,13,291,2,68,69,90,72,47,6.05885395,6.404814511
CS17-G2FE-350,NILASQ4G41I10S2/LH123HT,13,293,2,69,69,96,78,48,11.81081277,12.47930477
CS17-G2FE-351,NILASQ4G41I07S2/LH123HT,13,295,2,69,70,101,80,48,9.127805299,9.644439079
CS17-G2FE-352,NILASQ4G41I01S2/LH123HT,13,297,2,70,70,101,85,51,10.05314063,10.61008462
CS17-G2FE-353,NILASQ4G41I12S3/LH123HT,13,299,2,69,70,103,79,50,9.109205594,9.628430313
CS17-G2FE-354,NILASQ4G61I10S3/LH123HT,13,301,2,69,70,101,78,48,10.36468569,10.9150505
CS17-G2FE-355,NILASQ4G61I11S2/LH123HT,13,303,2,68,70,99,80,44,10.98312589,11.58719781
CS17-G2FE-356,NILASQ4G61I09S2/LH123HT,13,305,2,68,70,99,79,52,11.05287478,11.62762427
CS17-G2FE-357,2369/LH123HT,13,307,2,67,68,99,76,53,10.43908451,10.98818036
CS17-G2FE-358,NILASQ4G61I12S2/LH123HT,13,309,2,68,70,100,78,50,10.48093385,11.01546147
CS17-G2FE-359,NILASQ4G61I04S3/LH123HT,13,311,2,68,69,103,82,50,10.96452618,11.51604185
CS17-G2FE-360,NILASQ4G61I06S3/LH123HT,13,313,2,70,70,104,81,54,10.49488363,11.00178651
CS17-G2FE-361,NILASQ4G61I02S3/LH123HT,13,315,2,69,70,103,81,52,10.83432825,11.37496123
CS17-G2FE-362,NILASQ4G61I01S2/LH123HT,13,317,2,69,69,102,75,46,10.43908451,10.98400472
CS17-G2FE-363,NILASQ4G61I05S3/LH123HT,13,319,2,68,69,99,72,43,10.24843753,10.70551785
CS17-G2FE-364,NILASQ4G61I07S3/LH123HT,14,319,2,67,68,95,75,47,10.2949368,10.77159237
CS17-G2FE-365,NILASQ4G61I08S2/LH123HT,14,317,2,68,70,98,76,51,10.79247891,11.35692556
CS17-G2FE-366,NILASQ4G61I03S3/LH123HT,14,315,2,69,70,101,81,50,10.51813326,11.02405547
CS17-G2FE-367,2369/LH123HT,14,313,2,69,70,102,82,47,11.30862073,11.85143452
CS17-G2FE-368,2369/LH123HT,14,311,2,68,69,99,76,50,11.47601807,12.05670459
CS17-G2FE-369,NILASQ4G71I08S3/LH123HT,14,309,2,67,69,102,80,50,11.59226623,12.16724264
CS17-G2FE-370,NILASQ4G71I07S2/LH123HT,14,307,2,68,70,98,76,47,10.42978466,10.97317644
CS17-G2FE-371,NILASQ4G71I02S2/LH123HT,14,305,2,68,69,106,81,52,13.32668873,14.03167057
CS17-G2FE-372,NILASQ4G71I12S3/LH123HT,14,303,2,69,69,101,77,49,11.06217463,11.65842585
CS17-G2FE-373,NILASQ4G71I03S2/LH123HT,14,301,2,69,70,104,83,51,12.58735046,13.24944509
CS17-G2FE-374,NILASQ4G71I05S2/LH123HT,14,299,2,69,70,97,76,51,8.332667904,8.787631572
CS17-G2FE-375,NILASQ4G71I04S2/LH123HT,14,297,2,69,70,100,78,47,10.59718201,11.17578814
CS17-G2FE-376,NILASQ4G71I10S2/LH123HT,14,295,2,67,70,103,78,48,12.68499891,13.38267385
CS17-G2FE-377,NILASQ4G71I06S2/LH123HT,14,293,2,68,70,96,76,45,10.9319767,11.5430742
CS17-G2FE-378,NILASQ4G71I01S2/LH123HT,14,291,2,70,70,97,76,47,7.3236339,7.740348669
CS17-G2FE-379,NILASQ4G71I09S2/LH123HT,14,289,2,68,70,93,75,45,10.15543901,10.71297261
CS17-G2FE-380,2369/LH123HT,14,287,2,68,69,96,75,47,10.83432825,11.44213406
CS17-G2FE-381,NILASQ4G71I11S3/LH123HT,14,285,2,68,70,98,77,49,11.7457138,12.40464834
CS17-G2FE-382,NILASQ4G31I11S3/LH123HT,14,283,2,70,69,100,76,47,11.10402397,11.71252448
CS17-G2FE-383,NILASQ4G31I05S3/LH123HT,14,281,2,69,70,95,75,48,9.7648452,10.29702926
CS17-G2FE-384,NILASQ4G31I12S2/LH123HT,14,279,2,69,70,102,76,48,11.16447301,11.80977955
CS17-G2FE-385,2369/LH123HT,14,277,2,68,70,103,76,52,10.72737994,11.33669512
CS17-G2FE-386,NILASQ4G31I03S2/LH123HT,14,275,2,69,70,97,77,48,10.37863547,10.96399051
CS17-G2FE-387,NILASQ4G31I01S2/LH123HT,14,273,2,70,70,101,78,51,9.7648452,10.33022974
CS17-G2FE-388,DKB 64-69,14,271,2,66,66,89,63,41,14.24272421,15.04031677
CS17-G2FE-389,NILASQ4G31I09S2/LH123HT,14,269,2,68,70,106,79,52,10.51813326,11.13028861
CS17-G2FE-390,NILASQ4G31I08S2/LH123HT,14,267,2,70,69,101,76,48,10.34143606,10.95158079
CS17-G2FE-391,NILASQ4G31I06S2/LH123HT,14,265,2,70,70,102,78,50,11.46206829,12.09706688
CS17-G2FE-392,2369/LH123HT,14,263,2,68,70,99,74,47,10.87617758,11.51895968
CS17-G2FE-393,NILASQ4G31I07S3/LH123HT,14,261,2,67,69,104,80,45,9.904342989,10.47186184
CS17-G2FE-394,NILASQ4G31I02S3/LH123HT,14,259,2,67,69,102,77,44,11.17842279,11.82788916
CS17-G2FE-395,NILASQ4G31I04S2/LH123HT,14,257,2,68,69,99,78,46,10.89942721,11.50652531
CS17-G2FE-396,BGEM-0207-N/LH195,14,255,2,68,68,89,64,45,8.709311933,9.177872915
CS17-G2FE-397,BGEM-0039-N/LH195,15,255,2,69,69,99,84,52,10.01594122,10.58284349
CS17-G2FE-398,MO17/PHZ51,15,257,2,66,67,92,74,49,8.634913113,9.152144408
CS17-G2FE-399,BGEM-0235-N/LH195,15,259,2,69,68,95,75,48,12.34555429,13.03320166
CS17-G2FE-400,Z035E0060/PHZ51,15,261,2,66,68,101,82,53,9.695096306,10.23996072
CS17-G2FE-401,BGEM-0206-N/LH195,15,263,2,69,68,93,74,52,9.690446379,10.21663762
CS17-G2FE-402,BGEM-0089-N/LH195,15,265,2,70,70,90,75,48,8.021122843,8.478326845
CS17-G2FE-403,Z034E0042/PHZ51,15,267,2,66,66,97,75,47,9.323102203,9.871300612
CS17-G2FE-404,BGEM-0040-N/LH195,15,269,2,70,69,,81,53,9.792744758,10.34799339
CS17-G2FE-405,BGEM-0063-N/LH195,15,271,2,70,69,108,80,51,11.03427508,11.63784992
CS17-G2FE-406,Z031E0012/PHZ51,15,273,2,66,68,96,76,50,9.123155373,9.650473753
CS17-G2FE-407,BGEM-0125-N/LH195,15,275,2,69,70,81,62,42,9.667196748,10.20275945
CS17-G2FE-408,GEMS-0265/3IIH6,15,277,2,66,67,86,65,38,10.83897817,11.47739399
CS17-G2FE-409,GEMN-0266/3IIH6,15,279,2,69,68,88,60,44,8.183870263,8.649532481
CS17-G2FE-410,BGEM-0005-N/LH195,15,281,2,70,69,91,67,43,10.62973149,11.23775213
CS17-G2FE-411,GEMN-0269/3IIH6,15,283,2,64,65,91,71,42,10.98777581,11.64704236
CS17-G2FE-412,GEMN-0264/3IIH6,15,285,2,67,67,91,69,44,10.81107861,11.44677004
CS17-G2FE-413,Z038E0057/3IIH6,15,287,2,65,66,94,73,47,10.14148923,10.73882294
CS17-G2FE-414,BGEM-0253-N/LH195,15,289,2,70,69,98,75,47,11.52251734,12.10670896
CS17-G2FE-415,Z032E0034/PHZ51,15,291,2,67,68,94,75,53,8.090871737,8.53667877
CS17-G2FE-416,Z034E0042/3IIH6,15,293,2,65,66,92,65,48,8.472165693,8.940676455
CS17-G2FE-417,BGEM-0129-N/LH195,15,295,2,68,68,90,63,43,9.820644315,10.32935369
CS17-G2FE-418,BGEM-0151-N/LH195,15,297,2,69,69,96,74,49,8.341967757,8.779086867
CS17-G2FE-419,Z036E0057/PHZ51,15,299,2,68,68,96,72,45,10.40653503,10.93830897
CS17-G2FE-420,BGEM-0124-N/LH195,15,301,2,67,68,94,74,46,10.10893975,10.63359372
CS17-G2FE-421,BGEM-0202-N/LH195,15,303,2,69,69,95,71,48,9.853193799,10.32811774
CS17-G2FE-422,Z033E0001/PHZ51,15,305,2,67,67,98,77,52,8.872059353,9.318323939
CS17-G2FE-423,Z034E0064/PHZ51,15,307,2,66,67,94,75,51,9.453300139,9.945817076
CS17-G2FE-424,Z031E0556/PHZ51,15,309,2,67,68,94,77,53,9.397501023,9.852340073
CS17-G2FE-425,BGEM-0227-N/LH195,15,311,2,68,69,98,73,45,10.20193827,10.70285344
CS17-G2FE-426,BGEM-0182-N/LH195,15,313,2,69,69,102,81,50,11.38766947,11.90580843
CS17-G2FE-427,GEMN-0261/3IIH6,15,315,2,66,66,95,70,44,8.021122843,8.472712059
CS17-G2FE-428,BGEM-0203-N/LH195,15,317,2,67,68,92,74,44,9.346351834,9.847316293
CS17-G2FE-429,Z038E0057/PHZ51,15,319,2,67,67,94,73,48,9.671846674,10.0799986
CS17-G2FE-430,BGEM-0256-N/LH195,16,319,2,70,70,96,73,45,10.12753945,10.53466654
CS17-G2FE-431,BGEM-0246-N/LH195,16,317,2,69,69,99,74,42,11.23887183,11.8289126
CS17-G2FE-432,Z037E0054/PHZ51,16,315,2,66,66,96,77,34,9.513749181,9.972311891
CS17-G2FE-433,GEMS-0269/3IIH6,16,313,2,65,66,92,71,48,10.76457935,11.19946836
CS17-G2FE-434,Z032E0081/PHZ51,16,311,2,67,67,99,75,56,9.258003235,9.70238739
CS17-G2FE-435,Z033E0056/PHZ51,16,309,2,67,67,95,74,55,10.3135365,10.78383377
CS17-G2FE-436,GEMN-0267/3IIH6,16,307,2,67,67,95,74,47,10.2949368,10.83645047
CS17-G2FE-437,BGEM-0211-N/LH195,16,305,2,69,70,100,76,54,11.5690166,12.13474151
CS17-G2FE-438,BGEM-0259-N/LH195,16,303,2,69,68,99,75,50,9.006907215,9.459954648
CS17-G2FE-439,B73/PHZ51,16,301,2,67,67,96,72,51,10.84827802,11.41889745
CS17-G2FE-440,GEMS-0264/3IIH6,16,299,2,67,67,92,67,45,8.848809722,9.348767471
CS17-G2FE-441,Z029E0002/PHZ51,16,297,2,67,68,96,77,53,9.271953014,9.745749813
CS17-G2FE-442,Z036E0034/PHZ51,16,295,2,67,68,94,76,53,10.32748628,10.8758758
CS17-G2FE-443,BGEM-0239-N/LH195,16,293,2,70,69,93,74,52,8.695362154,9.156216348
CS17-G2FE-444,Z035E0047/PHZ51,16,291,2,67,69,94,70,52,8.328017978,8.784393363
CS17-G2FE-445,Z037E0012/3IIH6,16,289,2,66,66,88,70,45,11.46206829,12.08675102
CS17-G2FE-446,TX740/LH195 ,16,287,2,72,73,99,78,51,12.52225149,12.94425136
CS17-G2FE-447,TX204/PHB47,16,285,2,68,67,94,74,43,11.12262368,11.76439906
CS17-G2FE-448,B73/TX6252,16,283,2,67,69,94,72,47,11.90846122,12.53008289
CS17-G2FE-449,LH195/PHZ51,16,281,2,67,68,95,72,46,11.15517316,11.79101803
CS17-G2FE-450,TX714/TX775,16,279,2,70,70,92,71,46,10.7552795,11.30810087
CS17-G2FE-451,TX714/TX779,16,277,2,70,70,95,75,52,13.40108756,14.05774085
CS17-G2FE-452,TX303/TX777,16,275,2,71,74,99,77,56,11.67131498,12.02962435
CS17-G2FE-453,B73/TX777,16,273,2,70,70,101,75,53,12.63849964,13.27421618
CS17-G2FE-454,B73/TX775,16,271,2,69,70,94,69,46,12.95934456,13.63582234
CS17-G2FE-455,TX770/LH195,16,269,2,71,73,101,75,50,12.42925296,13.09048922
CS17-G2FE-456,TX772W/LH195 ,16,267,2,71,70,87,65,46,11.18307272,11.76682911
CS17-G2FE-457,2369/PHZ51,16,265,2,67,68,102,74,,10.16008893,10.74531006
CS17-G2FE-458,LAMA2002-58-3-B-B-B-B-B-B-1-B19-B18-B22/LH195 ,16,263,2,72,73,98,76,51,12.78264736,13.29011846
CS17-G2FE-459,TX714/TX777,16,261,2,70,69,95,76,53,12.48505208,13.07559504
CS17-G2FE-460,B73/TX779,16,259,2,70,70,98,74,54,13.72193247,14.43135638
CS17-G2FE-461,CG60/LH162,16,257,2,,,73,52,38,3.626942503,3.85108755
CS17-G2FE-462,LH216/LH195,16,255,2,70,69,88,67,47,11.98750996,12.68278554
CS17-G2FE-463,TX714/PHZ51,17,255,2,67,68,96,77,52,10.0484907,10.63733226
CS17-G2FE-464,B14A/H95,17,257,2,67,68,95,70,46,12.30370495,12.91642946
CS17-G2FE-465,PHG80/PHZ51,17,259,2,65,66,97,75,46,8.146670853,8.640359106
CS17-G2FE-466,LH74/PHN82,17,261,2,67,68,88,65,44,11.40161925,12.04809106
CS17-G2FE-467,2369/LH123HT,17,263,2,68,70,99,78,51,11.53646711,12.19981397
CS17-G2FE-468,LH198/PHN37,17,265,2,63,65,95,71,45,9.820644315,10.40104439
CS17-G2FE-469,PHP02/PHG47,17,267,2,61,61,87,63,37,5.719409331,6.072868828
CS17-G2FE-470,REV28HR20 (2016),17,269,2,69,70,101,77,42,15.54470357,16.37323627
CS17-G2FE-471,W37A/PHB47,17,271,2,62,61,86,63,45,9.271953014,9.810653484
CS17-G2FE-472,F42/H95,17,273,2,67,69,92,71,48,11.61086594,12.2111477
CS17-G2FE-473,LH123HT/3IIH6,17,275,2,67,67,99,72,48,10.00199144,10.60311113
CS17-G2FE-474,DKB 64-69 (2016),17,277,2,67,67,84,65,38,14.02417768,14.77026393
CS17-G2FE-475,PHG39/PHN82,17,279,2,68,68,93,65,43,12.0293593,12.70059755
CS17-G2FE-476,CG44/CGR01,17,281,2,58,59,78,59,38,6.826091787,7.224735548
CS17-G2FE-477,B37/OH43,17,283,2,65,66,92,68,43,10.75062957,11.35589002
CS17-G2FE-478,PHP02/PHB47,17,285,2,64,65,88,66,42,9.072006183,9.597275341
CS17-G2FE-479,LH198/PHZ51,17,287,2,66,67,90,73,43,10.99242574,11.58711597
CS17-G2FE-480,GEMN-0268/3IIH6,17,289,2,66,67,98,71,46,9.699746232,10.26039156
CS17-G2FE-481,B73/PHZ51,17,291,2,66,68,96,76,46,10.81572854,11.34894396
CS17-G2FE-482,F42/OH43,17,293,2,64,66,93,70,42,11.62481571,12.18280687
CS17-G2FE-483,W10001_0022/PHB47,17,295,2,62,63,89,64,38,8.923208542,9.403277162
CS17-G2FE-484,WF9/H95,17,297,2,67,69,88,68,40,10.67158083,11.18701818
CS17-G2FE-485,B73/PHN82,17,299,2,68,70,91,68,46,11.98750996,12.59168047
CS17-G2FE-486,PHB47/PHZ51,17,301,2,66,67,89,69,42,10.51813326,11.09663059
CS17-G2FE-487,G6611 VTTP (2017),17,303,2,67,68,86,66,44,14.16367547,14.81095544
CS17-G2FE-488,W10004_0216/PHZ51,17,305,2,67,67,94,74,49,10.48093385,11.02803859
CS17-G2FE-489,PHW52/PHN82,17,307,2,69,70,89,67,41,10.71808009,11.22290166
CS17-G2FE-490,W10005_0107/PHB47,17,309,2,64,66,84,61,41,9.755545347,10.21893375
CS17-G2FE-491,PHG29/PHG47,17,311,2,62,62,86,60,38,9.583498075,9.783793185
CS17-G2FE-492,PHN11_PHG47_0251/PHB47,17,313,2,65,65,91,64,38,6.826091787,7.213131192
CS17-G2FE-493,LH195/PHN37,17,315,2,65,66,95,70,43,10.1368393,10.00506039
CS17-G2FE-494,2369/PHN82,17,317,2,68,69,91,70,46,12.92214515,13.60831106
CS17-G2FE-495,B73/PHM49,17,319,2,70,68,92,65,43,11.66666505,12.19983164
CS17-G2FE-496,PHW52/PHM49,18,319,2,68,68,89,65,40,12.40600333,12.94442387
CS17-G2FE-497,PB80/PHZ51,18,317,2,67,67,95,70,51,11.06217463,11.68939994
CS17-G2FE-498,B37/MO17,18,315,2,67,70,90,68,49,12.06190879,12.65173612
CS17-G2FE-499,2369/3IIH6,18,313,2,67,67,91,68,44,11.04822485,11.61831326
CS17-G2FE-500,B37/H95,18,311,2,68,69,87,65,43,11.37836962,11.82440171
CS17-G2FE-501,PHN11_OH43_0001/PHB47,18,309,2,64,65,86,62,40,8.881359206,9.342301748
CS17-G2FE-502,LH195/LH82,18,307,2,67,68,81,58,41,10.2949368,10.79424123
CS17-G2FE-503,PHG39/TX205,18,305,2,70,70,96,76,48,10.04384078,10.56712488
CS17-G2FE-504,G7601VTTP (2017),18,303,2,69,68,94,75,39,13.84748048,14.51631379
CS17-G2FE-505,GEMN-0260/3IIH6,18,301,2,66,65,85,63,39,9.899693062,10.44714609
CS17-G2FE-506,VA35/LH195,18,299,2,68,68,99,69,42,11.20167242,11.74159303
CS17-G2FE-507,B73/MO17,18,297,2,67,69,93,74,48,10.31818643,10.88878214
CS17-G2FE-508,PHN11_PHW65_0323/LH195,18,295,2,69,69,94,71,44,11.73176402,12.3195254
CS17-G2FE-509,LH212HT/LH195,18,293,2,68,69,92,72,39,13.04304323,13.73302022
CS17-G2FE-510,B97/PHB47,18,291,2,65,66,92,68,43,9.27660294,9.799803346
CS17-G2FE-511,B14A/OH43,18,289,2,66,66,91,70,47,12.25720569,12.86884025
CS17-G2FE-512,CGR03/CG108,18,287,2,60,59,86,61,42,6.942339945,7.349855299
CS17-G2FE-513,B14A/MO17,18,285,2,67,67,93,66,50,12.40600333,13.12058912
CS17-G2FE-514,F42/MO17,18,283,2,67,68,94,68,47,12.16420716,12.85756697
CS17-G2FE-515,PHV63/PHM57,18,281,2,69,69,84,63,47,10.87617758,11.45696547
CS17-G2FE-516,PHP38/LH123HT,18,279,2,68,69,95,72,46,8.932508395,9.453273634
CS17-G2FE-517,PHV63/PHZ51,18,277,2,66,66,90,65,40,9.095255815,9.595494885
CS17-G2FE-518,PHHB9/PHM57,18,275,2,70,70,96,71,42,10.83432825,11.4334666
CS17-G2FE-519,PHHB9/PHN82,18,273,2,68,68,98,70,42,12.04330908,12.70328242
CS17-G2FE-520,PHP38/PHN82,18,271,2,67,67,95,69,47,9.685796453,10.21367236
CS17-G2FE-521,PHV63/PHN82,18,269,2,67,67,88,68,45,12.05260893,12.7347866
CS17-G2FE-522,PHW52/LH185,18,267,2,67,68,89,68,35,7.667728445,8.123958288
CS17-G2FE-523,PHP38/PHR55,18,265,2,68,68,96,71,42,10.39258525,10.96729521
CS17-G2FE-524,LH195/PHW53,18,263,2,68,68,88,70,46,12.08050849,12.74010425
CS17-G2FE-525,PHP38/PHW30,18,261,2,66,66,97,74,47,10.09034004,10.67759783
CS17-G2FE-526,PHP38/PHR03,18,259,2,67,67,94,77,47,12.02005945,12.70640484
CS17-G2FE-527,PHP38/PHW53,18,257,2,66,67,90,73,49,9.541648738,10.07311857
CS17-G2FE-528,PHHB9/NK787,18,255,2,69,69,95,74,46,11.06217463,11.68829372
CS17-G2FE-529,LH195/PHN82,19,255,2,69,69,107,78,38,11.53181719,12.18797759
CS17-G2FE-530,PHV63/PHR03,19,257,2,68,68,95,75,50,9.499799402,10.00518873
CS17-G2FE-531,LH195/PHN47,19,259,2,70,70,98,77,46,12.92214515,13.59668112
CS17-G2FE-532,PHP38/PHM49,19,261,2,66,68,88,72,42,9.039456699,9.486909806
CS17-G2FE-533,PHHB9/LH123HT,19,263,2,68,68,99,75,44,11.23887183,11.88398308
CS17-G2FE-534,PHV63/PHW30,19,265,2,67,67,95,72,45,9.946192325,10.51809838
CS17-G2FE-535,LH195/LH210,19,267,2,69,69,97,75,42,13.69868284,14.48087763
CS17-G2FE-536,PHV63/PH210,19,269,2,67,67,88,72,48,10.07639026,10.63865284
CS17-G2FE-537,PHW52/PHW30,19,271,2,68,66,94,72,44,11.19237257,11.82698009
CS17-G2FE-538,PHW52/PHR03,19,273,2,68,69,94,76,47,11.98750996,12.62884175
CS17-G2FE-539,LH195/PHR03,19,275,2,72,73,101,81,45,12.64314957,13.28415725
CS17-G2FE-540,PHW52/NK787,19,277,2,69,69,99,70,44,11.25282161,11.82671551
CS17-G2FE-541,LH195/PHM49,19,279,2,69,69,93,69,45,10.82967832,11.41014908
CS17-G2FE-542,PHHB9/PHR03,19,281,2,69,69,99,75,40,12.61525001,13.28259674
CS17-G2FE-543,PHW52/PHP60,19,283,2,69,69,91,71,46,11.18772264,11.7661279
CS17-G2FE-544,PHV63/Q381,19,285,2,65,66,82,65,39,8.569814145,9.071148272
CS17-G2FE-545,PHV63/LH123HT,19,287,2,67,67,89,67,44,10.94592648,11.55014162
CS17-G2FE-546,PHP38/LH210,19,289,2,67,67,93,71,47,10.06709041,10.60769316
CS17-G2FE-547,LH195/NK787,19,291,2,69,68,94,74,44,12.78729729,13.39469391
CS17-G2FE-548,PHHB9/LH185,19,293,2,66,66,92,72,42,9.862493652,10.42860079
CS17-G2FE-549,PHP38/PHP60,19,295,2,64,66,87,66,47,6.923740239,7.307315449
CS17-G2FE-550,LH195/PHW30,19,297,2,68,69,98,76,45,10.7552795,11.31240298
CS17-G2FE-551,PHHB9/PHJ65,19,299,2,70,70,96,77,40,10.51813326,11.04509173
CS17-G2FE-552,PHW52/PHR63,19,301,2,66,68,91,65,42,10.09034004,10.58274863
CS17-G2FE-553,LH195/LH123HT,19,303,2,70,70,93,76,46,13.05699301,13.70723126
CS17-G2FE-554,PHV63/PHN47,19,305,2,70,70,90,71,52,10.81572854,11.35651497
CS17-G2FE-555,PHHB9/PHP60,19,307,2,70,69,94,69,40,10.40653503,10.83320296
CS17-G2FE-556,LH195/PHP60,19,309,2,69,70,94,70,45,12.10840805,12.62180455
CS17-G2FE-557,PHHB9/PHN47,19,311,2,69,69,94,73,47,11.23422191,11.73077451
CS17-G2FE-558,PHHB9/LH210,19,313,2,68,69,93,72,46,9.388201171,9.839773647
CS17-G2FE-559,PHP38/PHR63,19,315,2,67,67,88,66,40,11.22492205,11.70647121
CS17-G2FE-560,PHHB9/Q381,19,317,2,65,66,88,60,37,8.741861417,9.212173561
CS17-G2FE-561,LH195/LH185,19,319,2,70,70,87,64,41,9.63929719,10.10391131
CS17-G2FE-562,LH195/PHJ65,20,319,2,70,73,96,75,48,12.92214515,13.48296625
CS17-G2FE-563,PHW52/PHW53,20,317,2,66,68,89,67,42,10.42048481,10.99152737
CS17-G2FE-564,PHW52/PHM57,20,315,2,70,70,91,67,40,10.50883341,10.07061505
CS17-G2FE-565,LH195/PHZ51,20,313,2,69,69,93,75,50,11.56436667,12.11598696
CS17-G2FE-566,PHV63/NK787,20,311,2,69,68,98,76,48,11.922411,12.40884537
CS17-G2FE-567,PHP38/PHN47,20,309,2,69,69,89,70,45,10.08569011,10.55669184
CS17-G2FE-568,PHP38/LH185,20,307,2,67,67,93,71,40,9.369601466,9.868064264
CS17-G2FE-569,PHV63/PHR55,20,305,2,68,67,92,70,43,12.70359861,13.25620515
CS17-G2FE-570,LH195/PHR55,20,303,2,70,70,98,73,42,13.54523527,14.13309848
CS17-G2FE-571,PHW52/PHJ65,20,301,2,69,69,89,73,40,10.33213621,10.85184266
CS17-G2FE-572,LH195/Q381,20,299,2,68,69,82,64,42,9.058056405,9.513676642
CS17-G2FE-573,LH195/PHM57,20,297,2,71,71,92,68,37,12.87099596,13.52741675
CS17-G2FE-574,PHV63/PGM49,20,295,2,67,68,97,68,46,10.59253208,11.15817329
CS17-G2FE-575,PHW52/Q381,20,293,2,64,66,89,69,42,9.192904267,9.681966774
CS17-G2FE-576,PHHB9/PHZ51,20,291,2,67,68,97,73,44,8.086221811,8.528538144
CS17-G2FE-577,PHP38/PHJ65,20,289,2,67,67,98,67,41,10.04384078,10.55406789
CS17-G2FE-578,PHP38/Q381,20,287,2,63,65,95,64,42,7.119037143,7.523398453
CS17-G2FE-579,PHW52/PHN82,20,285,2,67,69,95,73,44,9.867143578,10.35852733
CS17-G2FE-580,PHHB9/PHW30,20,283,2,68,68,99,76,50,10.54603282,11.13871986
CS17-G2FE-581,PHW52/PHN47,20,281,2,69,70,95,72,44,12.33160451,12.98641271
CS17-G2FE-582,PHV63/PHP60,20,279,2,69,68,89,67,42,11.69921453,12.29470455
CS17-G2FE-583,PHHB9/PHW53,20,277,2,67,67,88,68,42,10.61578171,11.1900955
CS17-G2FE-584,PHW52/LH210,20,275,2,67,68,89,71,43,11.85731203,12.50353553
CS17-G2FE-585,PHV63/PHJ65,20,273,2,68,67,97,72,48,10.96452618,11.5588035
CS17-G2FE-586,LH195/PHR63,20,271,2,69,69,94,67,43,10.36468569,10.88602938
CS17-G2FE-587,PHHB9/PHR63,20,269,2,67,68,94,71,46,7.909524612,8.305791795
CS17-G2FE-588,PHW52/PHZ51,20,267,2,67,67,91,71,44,8.844159795,9.343854824
CS17-G2FE-589,PHHB9/PHM49,20,265,2,67,68,98,72,42,9.978741809,10.51360237
CS17-G2FE-590,PHP38/PHM57,20,263,2,69,68,91,70,42,10.40653503,10.98409772
CS17-G2FE-591,PHW52/PHR55,20,261,2,68,68,96,70,38,13.32203881,13.95750006
CS17-G2FE-592,PHV63/PHR63,20,259,2,66,66,96,75,50,8.049022401,8.496548046
CS17-G2FE-593,PHV63/PHW53,20,257,2,66,67,94,70,51,10.03454092,10.57540268
CS17-G2FE-594,PHHB9/PHR55,20,255,2,69,69,101,75,46,11.95961041,12.59466572
